{"cameraMode":{"drawMode":0,"name":"Shaded","section":"Shading Mode"},"sceneLighting":false,"audioPlay":false,"sceneViewState":{"showFog":true,"showMaterialUpdate":false,"showSkybox":false,"showFlares":true,"showImageEffects":true,"showParticleSystems":true},"in2DMode":false,"pivot":{"x":-0.0001461505889892578,"y":0.4416719675064087,"z":-0.02464960515499115},"rotation":{"x":-0.08859522640705109,"y":0.8515557646751404,"z":-0.15243332087993623,"w":-0.4941421151161194},"size":0.6493338346481323,"orthographic":false}